"","observation_date","CPI","VIXCLS","T10Y2Y","INDPRO","sp500_ret","Gold","Silver","Copper"
"1",1990-02-01,0.4,24.87,0.14,62.2896,0.85,409.1,5.12,1.03
"2",1990-03-01,0.5,21.9,0.06,62.5999,2.41,372.2,4.97,1.1907
"3",1990-04-01,0.2,19.73,0.01,62.4359,-2.68,371.55,4.94,1.295
"4",1990-05-01,0.2,18.43,0.06,62.6258,9.19,363.7,5.07,1.255
"5",1990-06-01,0.6,17.09,0.11,62.8382,-0.89,352.4,4.84,1.185
"6",1990-07-01,0.5,15.5,0.19,62.7284,-0.53,371.1,4.86,1.1925
"7",1990-08-01,0.8,21.64,0.44,62.9475,-9.41,388.1,4.83,1.29
"8",1990-09-01,0.7,29.9,0.79,62.9523,-5.11,406.1,4.8,1.33
"9",1990-10-01,0.7,28.06,0.77,62.5845,-0.69,379.25,4.22,1.3038
"10",1990-11-01,0.2,30.25,0.89,61.7887,5.99,384.8,4.09,1.1888
"11",1990-12-01,0.4,22.16,0.73,61.3352,2.48,391,4.19,1.1825
"12",1991-01-01,0.4,26.38,0.93,61.1355,4.15,369.6,3.83,1.21
"13",1991-02-01,0.1,21.04,1.08,60.6838,6.75,363,3.68,1.1113
"14",1991-03-01,0,21.23,0.94,60.3346,2.21,354,3.84,1.1788
"15",1991-04-01,0.2,17.42,1.06,60.4938,0.05,353.45,3.93,1.105
"16",1991-05-01,0.4,17.77,1.21,61.0633,3.84,361.55,4.13,1.115
"17",1991-06-01,0.3,15.93,1.38,61.5581,-4.77,366.9,4.45,1.0025
"18",1991-07-01,0.1,18.64,1.29,61.7305,4.47,363.6,4.07,1.0508
"19",1991-08-01,0.3,15.47,1.36,61.7298,1.96,347,3.82,1.045
"20",1991-09-01,0.3,14.46,1.46,62.2195,-1.9,350.5,4.14,1.08
"21",1991-10-01,0.1,14.81,1.46,62.1855,1.19,357.4,4.09,1.125
"22",1991-11-01,0.4,15.6,1.83,62.0871,-4.41,366.85,4.07,1.1075
"23",1991-12-01,0.3,20.26,2,61.7852,11.17,353.4,3.86,1.0775
"24",1992-01-01,0.1,19.31,1.94,61.4616,-1.99,354.15,4.13,1.0125
"25",1992-02-01,0.2,17.4,2.2,61.8955,0.95,353.05,4.12,1.025
"26",1992-03-01,0.4,16.68,2,62.4232,-2.18,341.5,4.12,1.0688
"27",1992-04-01,0.2,16.48,1.93,62.897,2.77,336.25,3.98,1.0613
"28",1992-05-01,0.2,16.61,2.23,63.104,0.12,337.55,4.06,1.03
"29",1992-06-01,0.3,14.43,2.1,63.1363,-1.76,343.4,4.03,1.06
"30",1992-07-01,0.3,13.34,2.28,63.7176,3.95,357.95,3.95,1.1348
"31",1992-08-01,0.2,13.17,2.3,63.3613,-2.4,340.5,3.72,1.18
"32",1992-09-01,0.2,13.4,2.44,63.5703,0.92,349,3.77,1.155
"33",1992-10-01,0.4,16.31,2.56,63.9995,0.22,338.8,3.76,1.08
"34",1992-11-01,0.3,16.15,2.4,64.2422,3.03,333.7,3.73,1.055
"35",1992-12-01,0.1,12.8,2.13,64.3507,1,332.9,3.67,1.01
"36",1993-01-01,0.4,12.57,2.14,64.5978,0.71,330.75,3.71,1.055
"37",1993-02-01,0.2,12.33,2.19,64.9089,1.05,328.75,3.57,1.04
"38",1993-03-01,0.1,13.6,2.06,64.8522,1.87,336.9,3.89,0.995
"39",1993-04-01,0.3,13.02,2.12,65.0301,-2.55,353.45,4.3,1.01
"40",1993-05-01,0.3,12.42,2.22,64.784,2.27,381,4.71,0.88
"41",1993-06-01,0.1,13.67,1.91,64.9301,0.07,379,4.58,0.87
"42",1993-07-01,0.1,11.51,1.81,65.1052,-0.53,403.7,5.3,0.915
"43",1993-08-01,0.2,11.73,1.7,65.0267,3.46,370.6,4.84,0.92
"44",1993-09-01,0.1,11.48,1.58,65.3717,-1.01,352.65,4.03,0.9
"45",1993-10-01,0.4,11.83,1.5,65.8509,1.94,369.1,4.4,0.86
"46",1993-11-01,0.3,11.78,1.45,66.1518,-1.28,370.8,4.47,0.845
"47",1993-12-01,0.2,13.83,1.62,66.5436,1,390.65,5.12,0.8
"48",1994-01-01,0,11.66,1.58,66.7351,3.26,378.2,5.06,0.86
"49",1994-02-01,0.3,10.65,1.57,66.774,-3.01,380.75,5.24,0.915
"50",1994-03-01,0.3,15.83,1.47,67.4552,-4.56,389.7,5.74,0.92
"51",1994-04-01,0.1,20.45,1.56,67.8541,1.14,376.45,5.28,0.92
"52",1994-05-01,0.2,13.77,1.33,68.1663,1.24,386.25,5.5,0.96
"53",1994-06-01,0.3,12.72,1.14,68.6265,-2.67,385.4,5.25,1.06
"54",1994-07-01,0.3,14.36,1.15,68.7178,3.15,384.05,5.29,1.15
"55",1994-08-01,0.4,11.17,1.1,69.1785,3.75,386.25,5.36,1.14
"56",1994-09-01,0.2,11.86,1.04,69.3961,-2.69,395.35,5.62,1.2
"57",1994-10-01,0.1,14.28,1,69.9544,2.1,387.4,5.35,1.19
"58",1994-11-01,0.3,14.84,0.98,70.4326,-3.96,383.35,5.08,1.31
"59",1994-12-01,0.2,16.69,0.5,71.1523,1.23,382.5,4.85,1.43
"60",1995-01-01,0.3,13.2,0.15,71.2734,2.42,375.85,4.7,1.43
"61",1995-02-01,0.3,11.73,0.33,71.193,3.61,375.7,4.49,1.38
"62",1995-03-01,0.2,11.65,0.42,71.3113,2.73,386.55,5.16,1.37
"63",1995-04-01,0.4,13.37,0.4,71.1882,2.8,389.5,5.83,1.44
"64",1995-05-01,0.2,12.14,0.47,71.5378,3.63,384.25,5.3,1.28
"65",1995-06-01,0.2,12.21,0.49,71.7749,2.14,387.6,5.33,1.35
"66",1995-07-01,0.1,11.38,0.42,71.4748,3.18,383.35,5.1,1.39
"67",1995-08-01,0.2,13.56,0.56,72.4223,-0.04,381.65,5.32,1.35
"68",1995-09-01,0.1,11.29,0.44,72.7144,4,383.75,5.53,1.33
"69",1995-10-01,0.3,12.74,0.34,72.5866,-0.5,382.4,5.36,1.33
"70",1995-11-01,0.1,13.41,0.46,72.7779,4.11,387.85,5.18,1.33
"71",1995-12-01,0.1,11.11,0.39,73.0305,1.73,386.7,5.14,1.32
"72",1996-01-01,0.5,12.52,0.4,72.6125,3.26,403.2,5.52,1.26
"73",1996-02-01,0.2,12.65,0.7,73.6752,0.69,400.35,5.52,1.19
"74",1996-03-01,0.3,16.72,0.73,73.585,0.8,396.7,5.52,1.18
"75",1996-04-01,0.4,17.9,0.52,74.3172,1.35,390.15,5.28,1.15
"76",1996-05-01,0.2,16.07,0.65,74.8726,2.28,390.55,5.34,1.23
"77",1996-06-01,0.2,16.07,0.58,75.4433,0.22,381.3,5.03,1.18
"78",1996-07-01,0.2,13.78,0.59,75.4549,-4.56,385.5,5.11,0.9
"79",1996-08-01,0.1,18.76,0.57,75.8411,1.88,387.25,5.2,0.93
"80",1996-09-01,0.3,17.01,0.62,76.3158,5.41,379.3,4.88,0.97
"81",1996-10-01,0.3,17.05,0.62,76.3384,2.62,379.3,4.83,0.89
"82",1996-11-01,0.3,17.89,0.59,77.0397,7.33,371.9,4.74,0.94
"83",1996-12-01,0.3,17.14,0.47,77.5333,-2.15,369.55,4.8,1.1
"84",1997-01-01,0.2,20.92,0.55,77.6562,6.14,345,4.96,1.03
"85",1997-02-01,0.2,19.47,0.59,78.5833,0.59,360.6,5.25,1.06
"86",1997-03-01,0.1,21.1,0.47,79.082,-4.26,349.5,5.13,1.14
"87",1997-04-01,0.1,20.84,0.48,79.1747,5.84,340.45,4.66,1.13
"88",1997-05-01,0,19.87,0.42,79.6133,5.87,345.75,4.86,1.11
"89",1997-06-01,0.2,19.19,0.45,79.9792,4.34,334.05,4.72,1.19
"90",1997-07-01,0.1,21,0.43,80.6624,7.82,326,4.38,1.12
"91",1997-08-01,0.2,22.29,0.31,81.4694,-5.74,325.4,4.73,1.07
"92",1997-09-01,0.2,24.76,0.37,82.2156,5.31,328.75,5.17,0.99
"93",1997-10-01,0.2,22.32,0.29,82.9446,-3.45,310.4,4.82,0.96
"94",1997-11-01,0.1,35.09,0.21,83.5978,4.46,296.9,5.3,0.91
"95",1997-12-01,0.1,26.01,0.08,83.9538,1.57,289.2,6,0.81
"96",1998-01-01,0.1,24.01,0.09,84.3218,1.02,301.8,6.05,0.77
"97",1998-02-01,0,21.47,0.21,84.4583,7.04,296.55,6.37,0.79
"98",1998-03-01,0,18.55,0.07,84.488,5,299.9,6.35,0.76
"99",1998-04-01,0.1,23.37,0.07,84.7779,0.91,310.7,6.22,0.76
"100",1998-05-01,0.2,19.34,0.08,85.3367,-1.89,292.4,4.96,0.85
"101",1998-06-01,0.1,22.83,0.01,84.8248,3.94,295.75,5.36,0.76
"102",1998-07-01,0.2,18,-0.02,84.4986,-1.16,289.4,5.53,0.72
"103",1998-08-01,0.1,24.8,0.01,86.248,-14.58,273.4,4.79,0.77
"104",1998-09-01,0.1,36.48,0.19,86.2021,6.24,294.1,5.39,0.77
"105",1998-10-01,0.2,43.48,0.16,86.7914,8.03,293.1,5.06,0.73
"106",1998-11-01,0.1,28.05,0.52,86.7256,5.91,295.75,4.93,0.72
"107",1998-12-01,0.2,24.97,0.23,87.1185,5.64,287.45,5.01,0.7
"108",1999-01-01,0.2,24.42,0.11,87.4949,4.1,285.65,5.24,0.66
"109",1999-02-01,0,27.67,0.1,88.027,-3.23,286.8,5.58,0.64
"110",1999-03-01,0.1,28.37,0.2,88.2267,3.88,279.8,5.03,0.62
"111",1999-04-01,0.7,22.06,0.26,88.4295,3.79,285.85,5.44,0.62
"112",1999-05-01,0.1,25.07,0.28,88.9886,-2.5,271.05,4.94,0.7
"113",1999-06-01,0,26.62,0.24,88.9188,5.45,261.2,5.22,0.63
"114",1999-07-01,0.4,19.69,0.27,89.4333,-3.21,256.75,5.45,0.75
"115",1999-08-01,0.2,24.64,0.29,89.7924,-0.62,254.6,5.08,0.76
"116",1999-09-01,0.4,22.93,0.25,89.4299,-2.86,303.75,5.58,0.79
"117",1999-10-01,0.2,24.93,0.27,90.523,6.25,298.85,5.29,0.81
"118",1999-11-01,0.2,22.09,0.23,90.9618,1.91,292,5.18,0.8015
"119",1999-12-01,0.2,22.23,0.17,91.6634,5.78,290.85,5.33,0.789
"120",2000-01-01,0.3,24.64,0.21,91.538,-5.08,283.05,5.26,0.8525
"121",2000-02-01,0.4,23.45,0.02,91.8239,-2.02,294,5.1,0.837
"122",2000-03-01,0.6,21.64,-0.13,92.1504,9.68,275.9,4.94,0.7915
"123",2000-04-01,-0.1,24.11,-0.47,92.6989,-3.08,275.85,4.94,0.8
"124",2000-05-01,0.2,25.88,-0.44,92.9499,-2.19,272.25,4.9,0.795
"125",2000-06-01,0.6,22.36,-0.41,92.9862,2.39,289.15,5.02,0.807
"126",2000-07-01,0.3,19.54,-0.35,92.8048,-1.64,277.4,4.95,0.8155
"127",2000-08-01,0,20.55,-0.27,92.5521,6.07,274.95,4.91,0.8695
"128",2000-09-01,0.5,17.53,-0.41,92.9792,-5.35,274.1,4.89,0.889
"129",2000-10-01,0.2,20.57,-0.18,92.6179,-0.49,263.8,4.74,0.9155
"130",2000-11-01,0.2,24.28,-0.14,92.6438,-8,267,4.63,0.833
"131",2000-12-01,0.2,27.48,-0.1,92.3415,0.4,272.65,4.58,0.8585
"132",2001-01-01,0.6,26.85,0.01,91.902,3.46,266.2,4.79,0.8465
"133",2001-02-01,0.2,21.66,0.55,91.3034,-9.23,265,4.43,0.85
"134",2001-03-01,0.1,28.08,0.46,91.1162,-6.42,259.05,4.33,0.821
"135",2001-04-01,0.2,28.64,0.75,90.7891,7.69,263.45,4.37,0.7585
"136",2001-05-01,0.5,24.2,1.07,90.3555,0.5,266.1,4.43,0.774
"137",2001-06-01,0.2,21.59,1.17,89.8784,-2.5,269.9,4.34,0.7475
"138",2001-07-01,-0.2,19.06,1.17,89.3028,-1.08,265.55,4.22,0.7045
"139",2001-08-01,0,20.56,1.28,89.2003,-6.41,275.35,4.2,0.6595
"140",2001-09-01,0.4,24.92,1.21,88.7485,-8.18,290.85,4.59,0.6785
"141",2001-10-01,-0.3,32.32,1.73,88.5052,1.82,280.95,4.28,0.6445
"142",2001-11-01,-0.1,32.31,1.75,87.97,7.52,274.7,4.14,0.618
"143",2001-12-01,-0.1,23.84,1.94,87.9324,0.75,276.5,4.52,0.722
"144",2002-01-01,0.2,23.8,2,88.5176,-1.56,281.5,4.28,0.653
"145",2002-02-01,0.2,21.12,1.94,88.5278,-2.08,296.55,4.44,0.7335
"146",2002-03-01,0.3,19.96,1.8,89.1686,3.68,303,4.68,0.7265
"147",2002-04-01,0.4,18.73,1.7,89.604,-6.14,309.35,4.6,0.761
"148",2002-05-01,0.1,20.06,1.87,89.964,-0.91,327.25,5.05,0.723
"149",2002-06-01,0.1,19.98,1.86,90.7061,-7.24,319.05,4.87,0.7615
"150",2002-07-01,0.2,27.11,1.97,90.6769,-7.9,305.5,4.66,0.768
"151",2002-08-01,0.3,36.95,2.32,90.5762,0.49,312.4,4.57,0.682
"152",2002-09-01,0.2,32.64,2,90.6531,-11,322.4,4.53,0.687
"153",2002-10-01,0.2,34.12,1.92,90.4643,8.65,316.35,4.48,0.664
"154",2002-11-01,0.2,29.3,2.25,90.9711,5.7,318.25,4.43,0.7235
"155",2002-12-01,0.2,27.5,2.14,90.4652,-6.03,342.75,4.67,0.7495
"156",2003-01-01,0.4,28.62,2.22,91.2361,-2.74,370.35,4.87,0.697
"157",2003-02-01,0.5,31.17,2.28,91.3445,-1.71,347.65,4.6,0.7915
"158",2003-03-01,0.2,29.63,2.18,91.1044,0.84,335.35,4.46,0.775
"159",2003-04-01,-0.4,28.36,2.34,90.5617,8.1,336,4.61,0.7225
"160",2003-05-01,-0.2,21.59,2.38,90.537,5.09,365.8,4.56,0.7245
"161",2003-06-01,0.1,19.47,2.04,90.6527,1.13,345.15,4.51,0.78
"162",2003-07-01,0.3,19.46,2.26,91.1185,1.62,355.75,5.08,0.746
"163",2003-08-01,0.4,20.75,2.59,90.9197,1.79,371,5.11,0.816
"164",2003-09-01,0.3,18.63,2.5,91.5059,-1.19,384.5,5.12,0.803
"165",2003-10-01,-0.1,21.07,2.49,91.6186,5.49,384.6,5.14,0.8185
"166",2003-11-01,0.1,16.1,2.48,92.2329,0.71,398.1,5.35,0.937
"167",2003-12-01,0.3,16.77,2.28,92.2602,5.07,417.25,5.97,0.9555
"168",2004-01-01,0.4,18.31,2.43,92.4006,1.73,401.3,6.23,1.043
"169",2004-02-01,0.2,16.63,2.32,92.958,1.22,392.25,6.58,1.143
"170",2004-03-01,0.2,14.44,2.33,92.5861,-1.63,423,7.83,1.3945
"171",2004-04-01,0.2,16.65,2.26,92.93,-1.68,387.3,5.95,1.371
"172",2004-05-01,0.4,17.19,2.22,93.6013,1.21,393.85,6.17,1.2095
"173",2004-06-01,0.4,16.3,2.11,92.871,1.79,393.75,5.91,1.2855
"174",2004-07-01,0.1,15.2,1.93,93.5649,-3.43,389.6,6.42,1.222
"175",2004-08-01,0.1,15.32,1.82,93.6277,0.23,408.1,6.74,1.308
"176",2004-09-01,0.3,14.91,1.72,93.7467,0.94,412.35,6.67,1.275
"177",2004-10-01,0.5,12.75,1.58,94.5465,1.4,426.2,7.16,1.408
"178",2004-11-01,0.5,16.27,1.5,94.7813,3.86,452,7.76,1.3155
"179",2004-12-01,0,12.97,1.37,95.5365,3.25,438,6.82,1.4675
"180",2005-01-01,-0.1,13.29,1.16,95.8801,-2.52,423.8,6.72,1.487
"181",2005-02-01,0.4,12.03,0.86,96.5761,1.89,436.55,7.35,1.451
"182",2005-03-01,0.4,12.04,0.79,96.4456,-1.91,427.5,7.19,1.4645
"183",2005-04-01,0.3,14.09,0.71,96.6532,-2.02,433.2,6.98,1.4925
"184",2005-05-01,-0.1,15.31,0.55,96.7402,3,416.9,7.13,1.493
"185",2005-06-01,0.1,12.36,0.41,97.1753,-0.02,436.8,7.1,1.538
"186",2005-07-01,0.6,11.4,0.3,96.8676,3.6,427.15,7.15,1.5365
"187",2005-08-01,0.6,12.08,0.28,97.1833,-1.13,433,6.74,1.7035
"188",2005-09-01,1.4,13.15,0.3,95.3005,0.7,473.4,7.53,1.727
"189",2005-10-01,0.2,11.92,0.16,96.4572,-1.77,472.65,7.77,1.8015
"190",2005-11-01,-0.5,14.85,0.16,97.5414,3.52,493.8,8.21,1.896
"191",2005-12-01,0,11.24,0.07,98.0452,-0.1,513,8.83,2.168
"192",2006-01-01,0.6,12.07,-0.02,98.1999,2.55,569.8,9.91,2.1615
"193",2006-02-01,0.1,12.36,-0.02,98.2413,0.05,556.5,9.7,2.259
"194",2006-03-01,0.2,11.54,-0.12,98.4628,1.1,584,11.76,2.2435
"195",2006-04-01,0.5,11.39,0.04,98.7618,1.22,638.25,12.56,2.488
"196",2006-05-01,0.3,12.54,0.2,98.7869,-3.09,654,13.13,3.453
"197",2006-06-01,0.2,14.52,0.07,99.0997,0.01,600.4,10.7,3.5685
"198",2006-07-01,0.5,13.08,-0.01,99.0489,0.51,637,11.44,3.4625
"199",2006-08-01,0.4,15.05,0.02,99.4836,2.12,621.75,12.6,3.633
"200",2006-09-01,-0.5,11.96,-0.04,99.3183,2.45,601.75,11.55,3.475
"201",2006-10-01,-0.4,11.98,-0.07,99.2044,3.15,600.9,12.08,3.459
"202",2006-11-01,0,11.51,-0.09,99.1627,1.65,638.4,13.68,3.2305
"203",2006-12-01,0.5,11.66,-0.09,100.1735,1.26,635.7,12.9,3.147
"204",2007-01-01,0.2,11.56,-0.11,99.8346,1.4,645.75,13.36,2.854
"205",2007-02-01,0.4,10.31,-0.12,100.7753,-2.18,677,14.31,2.518
"206",2007-03-01,0.5,15.82,-0.07,100.9547,1,663.5,13.35,2.7365
"207",2007-04-01,0.3,14.64,0.07,101.6334,4.33,678,13.5,3.1435
"208",2007-05-01,0.4,13.51,0.01,101.7306,3.25,656.6,13.25,3.605
"209",2007-06-01,0.2,12.78,-0.02,101.7893,-1.78,648.5,12.54,3.4025
"210",2007-07-01,0.2,16.23,0.16,101.6672,-3.19,666.75,12.93,3.4535
"211",2007-08-01,0,23.67,0.2,101.863,1.28,668,11.95,3.595
"212",2007-09-01,0.4,23.38,0.39,102.0894,3.58,737.75,13.65,3.411
"213",2007-10-01,0.3,17.84,0.54,101.8015,1.48,783,14.32,3.681
"214",2007-11-01,0.8,23.21,0.59,102.3446,-4.41,794.75,14.23,3.356
"215",2007-12-01,0.3,22.87,0.93,102.3803,-0.86,836.5,14.76,3.157
"216",2008-01-01,0.3,22.5,0.99,102.2448,-6.12,923.75,16.74,3.0305
"217",2008-02-01,0.2,24.02,1.53,101.8438,-3.47,969,19.62,3.2605
"218",2008-03-01,0.4,26.54,1.88,101.5336,-0.59,937.25,17.99,3.852
"219",2008-04-01,0.2,22.68,1.77,100.8785,4.76,867.75,16.47,3.826
"220",2008-05-01,0.6,18.88,1.41,100.2674,1.07,879.5,16.85,3.7255
"221",2008-06-01,1,17.83,1.4,100.0335,-8.6,932.75,17.65,3.628
"222",2008-07-01,0.7,23.65,1.38,99.676,-0.98,912,17.48,3.9225
"223",2008-08-01,-0.1,22.57,1.46,98.1111,1.22,836.5,13.76,3.6285
"224",2008-09-01,0.1,20.65,1.47,93.7895,-9.07,897,12.96,3.4295
"225",2008-10-01,-0.9,39.81,1.95,94.7219,-16.94,728.5,9.28,2.797
"226",2008-11-01,-1.8,59.89,2.45,93.4715,-7.49,813.5,10.12,1.844
"227",2008-12-01,-0.8,68.51,1.82,90.8357,0.78,865,10.79,1.6035
"228",2009-01-01,0.3,40,1.49,88.57,-8.56,918.5,12.51,1.395
"229",2009-02-01,0.4,44.84,1.93,88.031,-10.99,943.75,13.21,1.462
"230",2009-03-01,-0.1,46.35,2.02,86.6528,8.54,918.5,13.11,1.526
"231",2009-04-01,0.1,42.28,1.85,85.9344,9.39,889,12.63,1.8455
"232",2009-05-01,0.1,35.3,2.29,85.0665,5.3,972,15.52,2.1015
"233",2009-06-01,0.8,30.04,2.74,84.7459,0.02,941,13.94,2.319
"234",2009-07-01,0,26.22,2.5,85.7027,7.42,936.5,13.63,2.315
"235",2009-08-01,0.3,25.92,2.39,86.6426,3.35,950.75,14.54,2.6165
"236",2009-09-01,0.2,29.15,2.46,87.4063,3.58,1001.25,16.45,2.7965
"237",2009-10-01,0.3,28.27,2.34,87.6419,-1.98,1044.5,16.57,2.7255
"238",2009-11-01,0.3,30.69,2.51,88.0221,5.73,1172,18.14,2.9475
"239",2009-12-01,0.1,21.92,2.61,88.3793,1.78,1104,16.99,3.2035
"240",2010-01-01,0.1,21.68,2.71,89.3426,-3.69,1082.75,16.29,3.3255
"241",2010-02-01,-0.1,22.59,2.82,89.6779,2.85,1112.5,16.12,3.0785
"242",2010-03-01,0,19.26,2.81,90.2928,5.88,1109.5,17.5,3.333
"243",2010-04-01,0,17.47,2.84,90.5991,1.48,1175.25,18.62,3.577
"244",2010-05-01,-0.1,22.05,2.72,91.823,-8.2,1214,18.53,3.3375
"245",2010-06-01,0,35.54,2.51,91.9928,-5.39,1240.5,18.74,3.054
"246",2010-07-01,0.2,32.86,2.33,92.3421,6.88,1168,17.66,2.865
"247",2010-08-01,0.1,23.5,2.39,92.6805,-4.75,1233.5,18.87,3.307
"248",2010-09-01,0.2,23.89,2.08,92.9537,8.76,1311,22.07,3.4685
"249",2010-10-01,0.3,22.5,2.12,92.6903,3.69,1336.75,23.96,3.6835
"250",2010-11-01,0.3,21.83,2.32,92.7709,-0.24,1375,27.13,3.7785
"251",2010-12-01,0.4,21.36,2.44,93.6787,6.53,1410.25,30.63,3.946
"252",2011-01-01,0.3,17.75,2.69,93.4814,2.27,1333.5,27.75,4.4395
"253",2011-02-01,0.3,17.63,2.87,93.1102,3.2,1409.75,33.49,4.54
"254",2011-03-01,0.5,21.01,2.75,94.0788,-0.11,1431,37.87,4.4905
"255",2011-04-01,0.5,17.4,2.66,93.7749,2.85,1531,48.7,4.2515
"256",2011-05-01,0.3,14.75,2.71,93.888,-1.35,1537,38.65,4.1655
"257",2011-06-01,0,18.3,2.52,94.172,-1.83,1508,35.02,4.103
"258",2011-07-01,0.3,15.87,2.72,94.636,-2.14,1613.75,39.63,4.292
"259",2011-08-01,0.3,23.66,2.39,95.2749,-5.68,1826,41.35,4.404
"260",2011-09-01,0.2,31.82,1.96,95.1961,-7.18,1629,30.45,4.1425
"261",2011-10-01,0.1,42.96,1.67,95.8568,10.77,1718,34.24,3.145
"262",2011-11-01,0.2,34.77,1.78,95.8485,-0.5,1704,31.35,3.4985
"263",2011-12-01,0,27.41,1.84,96.3571,0.85,1574.5,28.18,3.522
"264",2012-01-01,0.3,23.4,1.64,96.9318,4.36,1738,33.6,3.4315
"265",2012-02-01,0.2,18.55,1.64,97.2435,4.06,1788,37.23,3.8385
"266",2012-03-01,0.2,17.26,1.73,96.74,3.13,1660.75,32.43,3.9245
"267",2012-04-01,0.2,15.5,1.9,97.4359,-0.75,1662.5,31.2,3.824
"268",2012-05-01,-0.2,16.6,1.71,97.6609,-6.27,1567.5,28.1,3.84
"269",2012-06-01,-0.1,26.66,1.22,97.6663,3.96,1569.5,27.08,3.31
"270",2012-07-01,0,17.08,1.34,97.8713,1.26,1622.75,28.2,3.49
"271",2012-08-01,0.6,18.96,1.32,97.4525,1.98,1657.75,30.52,3.3765
"272",2012-09-01,0.5,17.47,1.35,97.381,2.42,1781,34.65,3.454
"273",2012-10-01,0.3,16.32,1.39,97.7193,-1.98,1718,32.28,3.793
"274",2012-11-01,-0.2,16.69,1.45,98.0777,0.28,1728.25,34.28,3.555
"275",2012-12-01,0,15.87,1.37,98.3101,0.71,1664,29.95,3.6295
"276",2013-01-01,0.2,18.02,1.53,98.3342,5.04,1674.5,32.03,3.641
"277",2013-02-01,0.5,12.9,1.77,98.7941,1.11,1591,28.95,3.7755
"278",2013-03-01,-0.3,15.36,1.61,99.1921,3.6,1602.5,28.64,3.4815
"279",2013-04-01,-0.2,13.58,1.63,99.1065,1.81,1472.75,24.42,3.3675
"280",2013-05-01,0,14.49,1.46,99.1839,2.07,1410.25,22.57,3.0825
"281",2013-06-01,0.2,16.3,1.86,99.3897,-1.5,1203.25,18.86,3.289
"282",2013-07-01,0.2,16.37,2.16,99.0814,4.94,1331.5,19.94,3.155
"283",2013-08-01,0.2,12.94,2.39,99.6543,-3.13,1392.75,23.64,3.164
"284",2013-09-01,0,17.01,2.39,100.161,2.97,1335.75,21.68,3.225
"285",2013-10-01,0.1,15.54,2.33,100.082,4.46,1333.75,22.2,3.272
"286",2013-11-01,0.2,13.28,2.32,100.3158,2.81,1245.25,19.93,3.2935
"287",2013-12-01,0.3,13.7,2.47,100.5175,2.36,1201.5,19.5,3.2305
"288",2014-01-01,0.2,13.72,2.66,100.1599,-3.56,1246.5,19.31,3.4415
"289",2014-02-01,0.1,18.41,2.33,100.9168,4.31,1327.75,21.27,3.2205
"290",2014-03-01,0.2,14,2.33,101.8942,0.69,1294,19.97,3.2385
"291",2014-04-01,0.2,13.1,2.33,101.9928,0.62,1292,19.28,3.055
"292",2014-05-01,0.2,13.25,2.22,102.3836,2.1,1254,19,3.029
"293",2014-06-01,0.1,11.4,2.11,102.735,1.91,1313,20.87,3.136
"294",2014-07-01,0.1,11.15,2.11,102.9632,-1.51,1295,20.69,3.191
"295",2014-08-01,0,17.03,2.05,102.7688,3.77,1285.75,19.47,3.2065
"296",2014-09-01,0,11.98,1.87,103.0641,-1.55,1210,17.11,3.135
"297",2014-10-01,0,16.71,1.89,103.0764,2.32,1173.25,16.2,3.0335
"298",2014-11-01,-0.2,14.03,1.85,103.7126,2.45,1184.5,15.97,3.061
"299",2014-12-01,-0.3,14.29,1.73,103.7044,-0.42,1199.25,15.97,2.9305
"300",2015-01-01,-0.6,19.2,1.5,102.8905,-3.1,1263.5,16.92,2.8385
"301",2015-02-01,0.3,20.97,1.21,102.2335,5.49,1205,16.53,2.528
"302",2015-03-01,0.3,13.34,1.37,101.8914,-1.74,1179.25,16.6,2.716
"303",2015-04-01,0.1,15.11,1.32,101.3355,0.85,1204.3,16.52,2.7565
"304",2015-05-01,0.3,12.7,1.52,100.8883,1.05,1189.8,16.7,2.9315
"305",2015-06-01,0.3,13.97,1.55,100.571,-2.1,1171.8,15.58,2.72
"306",2015-07-01,0.2,16.09,1.74,101.2228,1.97,1095.1,14.75,2.6305
"307",2015-08-01,0,12.12,1.53,101.0367,-6.26,1132.5,14.59,2.3635
"308",2015-09-01,-0.2,31.4,1.47,100.7547,-2.64,1115.2,14.52,2.3015
"309",2015-10-01,0.1,22.55,1.41,100.2675,8.3,1141.4,15.57,2.3045
"310",2015-11-01,0.1,15.07,1.41,99.5298,0.05,1065.3,14.09,2.3175
"311",2015-12-01,-0.1,14.67,1.24,99.0417,-1.75,1060.2,13.8,2.0715
"312",2016-01-01,0,18.21,1.21,99.5607,-5.07,1116.4,14.24,2.135
"313",2016-02-01,-0.1,19.98,1.16,99.0445,-0.41,1234.4,14.92,2.0555
"314",2016-03-01,0.3,17.7,0.98,98.3096,6.6,1235.6,15.46,2.1455
"315",2016-04-01,0.4,13.1,1.03,98.6421,0.27,1290.5,17.82,2.163
"316",2016-05-01,0.2,15.7,1.06,98.4184,1.53,1217.5,15.994,2.2835
"317",2016-06-01,0.3,14.2,0.94,98.8833,0.09,1320.6,18.623,2.073
"318",2016-07-01,-0.1,14.77,0.87,98.9992,3.56,1357.5,20.347,2.217
"319",2016-08-01,0.2,12.44,0.84,98.85,-0.12,1311.4,18.707,2.1995
"320",2016-09-01,0.3,13.48,0.79,98.7457,-0.12,1317.1,19.214,2.0755
"321",2016-10-01,0.2,13.29,0.83,98.7611,-1.94,1273.1,17.796,2.2105
"322",2016-11-01,0.1,18.56,1,98.3491,3.42,1173.9,16.482,2.229
"323",2016-12-01,0.3,14.07,1.31,99.0214,1.82,1151.7,15.989,2.643
"324",2017-01-01,0.4,14.04,1.25,98.7611,1.79,1211.4,17.543,2.5055
"325",2017-02-01,0.2,11.81,1.26,98.3646,3.72,1253.9,18.469,2.7115
"326",2017-03-01,0,12.54,1.17,99.0137,-0.04,1251.2,18.256,2.736
"327",2017-04-01,0.1,12.37,1.13,100.0224,0.91,1268.3,17.262,2.6525
"328",2017-05-01,-0.1,10.11,1.05,100.1408,1.16,1275.4,17.406,2.6605
"329",2017-06-01,0.1,9.89,0.93,100.3471,0.48,1242.3,16.627,2.5875
"330",2017-07-01,0,11.18,0.93,100.1068,1.93,1273.4,16.786,2.711
"331",2017-08-01,0.4,10.09,0.92,99.6925,0.05,1322.2,17.575,2.881
"332",2017-09-01,0.5,10.13,0.81,99.7954,1.93,1284.8,16.676,3.118
"333",2017-10-01,0.1,9.51,0.86,101.0247,2.22,1270.5,16.693,2.955
"334",2017-11-01,0.3,10.2,0.76,101.2664,2.81,1282.15,16.4052,3.1425
"335",2017-12-01,0.2,11.43,0.59,101.4644,0.98,1296.5,17.128,3.0745
"336",2018-01-01,0.4,11.04,0.51,101.4625,5.62,1343.35,17.241,3.2963
"337",2018-02-01,0.3,13.47,0.62,101.7085,-3.89,1320.3,16.3904,3.209
"338",2018-03-01,0,22.47,0.59,102.2067,-2.69,1323.9,16.268,3.123
"339",2018-04-01,0.3,19.97,0.47,103.3329,0.27,1316.25,16.3832,3.0255
"340",2018-05-01,0.2,15.49,0.47,102.4024,2.16,1303.5,16.458,3.0375
"341",2018-06-01,0.1,13.46,0.42,103.198,0.48,1250.55,16.1792,3.0985
"342",2018-07-01,0.1,16.09,0.33,103.3646,3.6,1219.2,15.559,2.963
"343",2018-08-01,0.2,13.15,0.33,104.0327,3.03,1206.85,14.5332,2.7475
"344",2018-09-01,0.2,12.86,0.24,104.1004,0.43,1183.5,14.712,2.6666
"345",2018-10-01,0.2,12,0.27,103.9856,-6.94,1217.7,14.282,2.7875
"346",2018-11-01,-0.1,19.34,0.3,104.0681,1.79,1220.45,14.1268,2.7215
"347",2018-12-01,0.1,18.07,0.21,104.0936,-9.18,1281.65,15.5186,2.7827
"348",2019-01-01,-0.1,25.42,0.21,103.4021,7.87,1322.5,16.072,2.6304
"349",2019-02-01,0.3,16.14,0.18,102.8371,2.97,1325.45,15.6148,2.773
"350",2019-03-01,0.4,13.57,0.21,102.8757,1.79,1291.15,15.11,2.932
"351",2019-04-01,0.4,13.4,0.16,102.274,3.93,1285.15,14.9672,2.9245
"352",2019-05-01,0,14.8,0.21,102.392,-6.58,1296,14.567,2.8015
"353",2019-06-01,0,18.71,0.19,102.4375,6.89,1413.2,15.3234,2.64
"354",2019-07-01,0.2,14.06,0.25,101.9408,1.31,1430.55,16.405,2.688
"355",2019-08-01,0.1,17.87,0.17,102.639,-1.81,1526.55,18.3106,2.6655
"356",2019-09-01,0.2,18.98,0,102.2917,1.72,1487.6,16.998,2.5478
"357",2019-10-01,0.3,18.56,0.09,101.4281,2.04,1506.4,18.067,2.5605
"358",2019-11-01,0.3,12.3,0.17,101.9372,3.4,1456.35,17.0042,2.653
"359",2019-12-01,0.3,12.62,0.17,101.7003,2.86,1523,17.9024,2.6484
"360",2020-01-01,0.2,13.78,0.34,101.0338,-0.16,1580.85,18.012,2.7964
"361",2020-02-01,0,18.84,0.18,101.3735,-8.41,1626.35,16.443,2.517
"362",2020-03-01,-0.5,40.11,0.27,97.4078,-12.51,1604.65,14.156,2.5412
"363",2020-04-01,-0.8,57.06,0.39,84.5619,12.68,1716.75,14.958,2.1745
"364",2020-05-01,-0.1,37.19,0.44,85.9604,4.53,1725.65,18.499,2.312
"365",2020-06-01,0.5,28.23,0.52,91.5934,1.84,1770.7,18.6178,2.4705
"366",2020-07-01,0.5,28.62,0.52,95.0256,5.51,1971.68,24.216,2.734
"367",2020-08-01,0.4,24.46,0.44,95.9549,7.01,1970.5,28.5626,2.868
"368",2020-09-01,0.3,26.12,0.55,95.9669,-3.92,1893.9,23.494,3.0285
"369",2020-10-01,0.1,26.7,0.54,96.7394,-2.77,1879.9,23.646,2.8655
"370",2020-11-01,0.2,38.02,0.74,97.0816,10.75,1779.86,22.5532,3.0475
"371",2020-12-01,0.4,20.77,0.75,98.363,3.71,1895.1,26.396,3.473
"372",2021-01-01,0.2,22.75,0.8,98.8822,-1.11,1849.7,26.914,3.518
"373",2021-02-01,0.3,30.24,0.98,95.6149,2.61,1728.8,26.4324,3.546
"374",2021-03-01,0.5,23.35,1.32,98.3856,4.24,1715.24,24.532,4.113
"375",2021-04-01,0.6,17.33,1.52,98.5587,5.24,1767.7,25.869,3.9905
"376",2021-05-01,0.7,18.61,1.49,99.4333,0.55,1904.74,28.014,4.4702
"377",2021-06-01,0.8,17.9,1.46,99.7987,2.22,1771.6,26.1882,4.6535
"378",2021-07-01,0.5,15.48,1.23,100.2519,2.27,1814.12,25.547,4.236
"379",2021-08-01,0.3,18.24,1.05,100.0437,2.9,1815.8,23.9968,4.4825
"380",2021-09-01,0.5,16.11,1.11,98.8579,-4.76,1756.66,22.047,4.278
"381",2021-10-01,1,21.15,1.21,100.1861,6.91,1783.9,23.949,4.1885
"382",2021-11-01,0.9,16.41,1.08,100.8654,-0.83,1775.92,22.781,4.3935
"383",2021-12-01,0.7,31.12,0.87,100.5726,4.36,1828.6,23.3472,4.248
"384",2022-01-01,0.6,17.22,0.79,100.1856,-5.26,1796.12,22.393,4.4618
"385",2022-02-01,0.7,21.96,0.63,100.8064,-3.14,1900.7,24.365,4.434
"386",2022-03-01,1.1,33.32,0.41,101.3907,3.58,1953.04,25.133,4.5965
"387",2022-04-01,0.3,19.63,-0.05,101.44,-8.8,1911.7,23.076,4.6885
"388",2022-05-01,0.9,33.4,0.19,101.3335,0.01,1847.26,21.688,4.4058
"389",2022-06-01,1.3,25.69,0.28,101.018,-8.39,1817.4548,20.734,4.3285
"390",2022-07-01,0,26.7,0.04,101.223,9.11,1766.4309,20.3604,3.6864
"391",2022-08-01,0.1,22.84,-0.3,101.0963,-4.24,1708.58,17.9156,3.5296
"392",2022-09-01,0.4,25.56,-0.25,101.2918,-9.34,1660.8799,19.0341,3.4192
"393",2022-10-01,0.6,31.62,-0.39,101.2529,7.99,1632.38,19.1625,3.3808
"394",2022-11-01,0.3,25.81,-0.47,100.9552,5.38,1768.61,22.2355,3.4576
"395",2022-12-01,0,19.84,-0.72,99.7664,-5.9,1824.3233,23.9641,3.7952
"396",2023-01-01,0.5,21.67,-0.53,100.505,6.18,1928.1201,23.6774,3.8192
"397",2023-02-01,0.3,17.87,-0.7,100.6416,-2.61,1826.7404,20.8946,4.1872
"398",2023-03-01,0.1,20.58,-0.88,101.0205,3.51,1969.5459,24.0924,4.1664
"399",2023-04-01,0.3,18.7,-0.58,101.253,1.46,1990.6,25.0503,4.0848
"400",2023-05-01,0.2,16.08,-0.55,100.9286,0.25,1965.2,23.548,3.9296
"401",2023-06-01,0.2,15.65,-0.72,100.1196,6.47,1919.5693,22.7603,3.7168
"402",2023-07-01,0.2,13.59,-1.06,100.9067,3.11,1964.3387,24.7305,3.7632
"403",2023-08-01,0.5,13.93,-0.87,100.8393,-1.77,1939.8281,24.4216,3.9152
"404",2023-09-01,0.4,13.09,-0.69,101.0211,-4.87,1848.4898,22.1847,3.8512
"405",2023-10-01,0.1,17.52,-0.44,100.4689,-2.2,1984.0109,22.8467,3.7408
"406",2023-11-01,0.1,16.87,-0.18,100.8639,8.92,2044.8957,24.9569,3.9968
"407",2023-12-01,0.2,12.63,-0.34,100.6031,4.42,2062.9233,23.7927,3.93
"408",2024-01-01,0.3,12.45,-0.35,99.2223,1.59,2039.1538,22.9401,3.8912
"409",2024-02-01,0.4,13.88,-0.33,100.285,5.17,2044.1997,22.6725,3.8512
"410",2024-03-01,0.4,13.11,-0.35,100.4575,3.1,2231.5551,24.9661,3.8592
"411",2024-04-01,0.2,13.65,-0.39,100.2434,-4.16,2285.9886,26.2896,4.0512
"412",2024-05-01,0,15.39,-0.33,100.863,4.8,2327.2836,30.4055,4.5648
"413",2024-06-01,0,12.92,-0.38,100.894,3.47,2326.7177,29.1402,4.5904
"414",2024-07-01,0.2,12.22,-0.29,99.9757,1.13,2409.6865,28.3472,4.4048
"415",2024-08-01,0.2,18.59,-0.17,100.4309,2.28,2503.3796,28.8613,4.072
"416",2024-09-01,0.2,15,0,99.8084,2.02,2664.4143,31.77,4.2192
"417",2024-10-01,0.3,19.26,0.13,99.4695,-0.99,2746.7019,32.6625,4.5504
"418",2024-11-01,0.3,21.88,0.16,99.2925,5.73,2651.247,30.607,4.3472
"419",2024-12-01,0.3,13.51,0.05,100.3273,-2.5,2624.603,28.8744,4.1424
"420",2025-01-01,0.4,17.35,0.33,100.0647,2.7,2798.1968,31.3118,4.0272
"421",2025-02-01,0.2,16.43,0.36,101.0993,-1.42,2876.208,31.2277,4.2736
"422",2025-03-01,0,19.63,0.25,101.0404,-5.75,3086.3435,34.1992,4.6176
"423",2025-04-01,0.2,21.77,0.3,101.1279,-0.76,3273.5046,32.6308,5.0352
"424",2025-05-01,0.1,24.6,0.55,100.9655,6.15,3289.5548,32.9896,4.56
"425",2025-06-01,0.3,18.57,0.52,101.4785,4.96,3266.4101,35.7821,4.7024
"426",2025-07-01,0.2,16.83,0.48,101.894,2.17,3285.7772,37.1164,5.048
"427",2025-08-01,0.3,20.38,0.54,101.6247,1.91,3415.7672,39.015,4.4288
"428",2025-09-01,0.3,16.12,0.64,101.7059,3.53,3836.2342,46.861,4.5184
"429",2025-10-01,NA,16.29,0.57,101.257,2.27,4002.7699,48.6932,4.88
"430",2025-11-01,NA,17.44,0.51,101.3775,0.13,4217.3637,56.5422,5.096
"431",2025-12-01,0.3,17.24,0.55,101.6296,-0.05,4322.3617,71.649,5.2768
"432",2026-01-01,0.2,14.95,0.71,102.3412,1.37,4865.35,113.9528,5.6816
